{
  "scene": "05",
  "camera_position": [
    -0.171849,
    -2.157857,
    -3.000342
  ],
  "camera_look_at": [
    -0.545548,
    -1.089666,
    -0.334997
  ],
  "bounds_center": [
    -0.224681,
    -0.931367,
    -0.37781
  ],
  "fov": 0.691111,
  "foreground_objects": [
    "object_0",
    "object_1",
    "object_2"
  ],
  "foreground_faces": 319996,
  "foreground_vertices": 160048,
  "lights": [
    {
      "name": "Area",
      "type": "AREA",
      "position": [
        0.992251,
        -1.407935,
        0.37487
      ],
      "rotation": [
        0.564417,
        0.769577,
        0.290478
      ],
      "color": [
        1.0,
        1.0,
        1.0
      ],
      "energy": 10.0,
      "size": 1.36834
    },
    {
      "name": "Area.001",
      "type": "AREA",
      "position": [
        -1.282843,
        -1.749671,
        0.431906
      ],
      "rotation": [
        0.944387,
        0.249196,
        -1.07601
      ],
      "color": [
        1.0,
        1.0,
        1.0
      ],
      "energy": 10.0,
      "size": 1.0
    },
    {
      "name": "Area.002",
      "type": "AREA",
      "position": [
        0.085789,
        -1.542491,
        -0.904082
      ],
      "rotation": [
        1.951903,
        0.299636,
        0.374443
      ],
      "color": [
        1.0,
        1.0,
        1.0
      ],
      "energy": 30.0,
      "size": 1.0
    }
  ]
}