{
  "scene": "07",
  "camera_position": [
    0.176141,
    -2.857666,
    -2.58173
  ],
  "camera_look_at": [
    -0.651929,
    -1.543043,
    0.179099
  ],
  "bounds_center": [
    -0.094539,
    -1.194525,
    0.100956
  ],
  "fov": 0.691111,
  "foreground_objects": [
    "object_00_geometry_0",
    "object_01_geometry_0",
    "object_02_geometry_0"
  ],
  "foreground_faces": 78970,
  "foreground_vertices": 54634,
  "lights": [
    {
      "name": "Area",
      "type": "AREA",
      "position": [
        0.335979,
        1.286914,
        -1.069207
      ],
      "rotation": [
        4.290612,
        -0.124553,
        -0.130889
      ],
      "color": [
        1.0,
        1.0,
        1.0
      ],
      "energy": 250.0,
      "size": 1.0
    },
    {
      "name": "Area.001",
      "type": "AREA",
      "position": [
        0.637629,
        -2.676856,
        3.025311
      ],
      "rotation": [
        0.398231,
        0.251088,
        -0.042523
      ],
      "color": [
        1.0,
        1.0,
        1.0
      ],
      "energy": 300.0,
      "size": 1.466354
    },
    {
      "name": "Area.002",
      "type": "AREA",
      "position": [
        0.121209,
        -3.050281,
        -0.430407
      ],
      "rotation": [
        1.914314,
        -0.859546,
        -0.144717
      ],
      "color": [
        1.0,
        1.0,
        1.0
      ],
      "energy": 100.0,
      "size": 1.0
    },
    {
      "name": "Light",
      "type": "POINT",
      "position": [
        4.076245,
        1.005454,
        5.903862
      ],
      "rotation": [
        0.650328,
        0.055217,
        1.866391
      ],
      "color": [
        1.0,
        1.0,
        1.0
      ],
      "energy": 1000.0
    }
  ]
}